growth_rate,RNA_protein,elongation_rate,medium,mass_fraction
0.63,0.430857684,13.83,nutrient broth,0.193885958
0.45,0.312950938,15,glucose + CAA,0.140827922
0.4,0.2660579,14.1,acetate + CAA,0.119726055
0.35,0.258558802,14.1,glucose,0.116351461
0.33,0.234343434,16.8,glycerol + CAA,0.105454545
0.28,0.175329185,18,glycerol ,0.078898133
0.18,0.146694625,12.16666667,ethanol,0.066012581